created_at,tweet,type
2022-07-13T14:29:17.000Z,pnp oic pltgen danao jr confirmed that two members of the  cppnpa in casiguran sorsogon have surrendered,terrorism
2022-07-13T12:10:52.000Z,this antiillegal drug operation also led to the seizure of 25 sachets of shabu worth p115600000,drug
2022-07-13T11:20:38.000Z,a regional level most wanted person for illegal drugs was nabbed in a joint operation by police operatives and pdea agents,drug
2022-07-12T13:18:14.000Z,three former members of a ctg in masbate are now reintegrated back to mainstream society after they surrendered to authorities,terrorism
2022-07-12T11:53:06.000Z,a 37yearold drug suspect was busted in an antiillegal drug operation in san felipe naga city bicol region,drug
2022-07-12T10:50:13.000Z,recovered from the two suspects were 13 sachets containing suspected shabu weighing more or less 65 grams,drug
2022-07-12T08:23:18.000Z,police authorities implemented a warrant of arrest that led to the apprehension of a most wanted person,wanted
2022-07-12T07:40:59.000Z,police arrested on monday a member of a communist terrorist group in cagayan  read more  ,terrorism
2022-07-11T14:38:45.000Z,police busted the illegal drug activities of a female drug suspect inside balintawak market,drug
2022-07-11T13:39:22.000Z,a municipallevel most wanted person in bohol was finally arrested,wanted
2022-07-11T08:39:25.000Z,a member of a ctg with a string of criminal cases was arrested,terrorism
2022-07-10T09:39:26.000Z,almost p2million worth of illegal drugs were seized in two separate buybust operations in cebu city over the weekend,drug
2022-07-10T09:03:04.000Z,police authorities in central visayas scored another successful antiillegal drugs operation with the arrest of a notorious drug trafficker in lapulapu city,drug
2022-07-09T11:33:58.000Z,tagbilaran city police station launched a police operation in barangay dao and arrested two key drug players,drug
2022-07-09T10:54:14.000Z,three drug suspects were apprehended in a drug buybust operation in brgy carmen cagayan de oro city,drug
2022-07-09T10:08:51.000Z,nine crew members of a motorized boat were arrested after some smuggled cigarettes were found loaded in their sea vessel off the coast of brgy ayala zamboanga city,smuggling
2022-07-08T09:59:36.000Z,police antinarcotics and maneuver forces raided another clandestine marijuana farm in tugaya lanao del sur and destroyed some 3000 fully grown marijuana plants,drug
2022-07-08T09:26:08.000Z,a 45yearold drug suspect was arrested in babag lapulapu city cebu,drug
2022-07-08T08:57:03.000Z,after puttingup violent resistance to a lawful arrest an illegal drug key player was shot dead during an armed confrontation with arresting officers,drug
2022-07-07T08:34:08.000Z,prompt police response to an actionable information resulted to a successful antismuggling operation when police authorities in zamboanga city foiled an attempt to import smuggled tobacco products,smuggling
2022-07-07T07:38:46.000Z,a 30yearold online seller was busted in an antiillegal drug operation in barangay baliwasan zamboanga city,drug
2022-07-06T13:52:19.000Z,p136million worth of 200 grams of shabu and p168000 worth of 120 grams of kush dried leaves were seized in a buybust operation,drug
2022-07-06T11:14:42.000Z,a major drug player in the illicit drug trade in bacolod city was busted on a sting operation on tuesday july 5,drug
2022-07-06T08:46:19.000Z,elements of special operations unit bar pnp deg with ridrdeu 1403rd rmfcrmfb 14 and tugaya municipal police station jointly trooped to barangay bago a ingud tugaya lanao del sur where a marijuana plantation was discovered,drug
2022-07-05T13:41:14.000Z,two persons accused of murder surrendered to police authorities at wao municipal police station in wao lanao de sur,murder
2022-07-05T12:02:17.000Z,the pnp actively responded to an information from a reliable source pertaining to a drug personality allegedly engaged in drug trafficking activity,drug
2022-07-05T10:59:09.000Z,pnp oic pltgen vicente d danao jr lauded the successful antiillegal drug operation,drug
2022-07-04T11:42:35.000Z,another ctg member who is wanted for the crime of frustrated murder falls in successful law enforcement operation,murder
2022-07-04T11:37:44.000Z,pnp commandos arrested a communist terrorist during a police operation in miagao iloilo,terrorism
2022-07-04T08:39:19.000Z,attentive police personnel manning a checkpoint intercepted three armed men during dragnet operations in response to a robbery incident,robbery
2022-07-04T07:53:56.000Z,an interagency effort among the pdea philippine navy and nica busted a local drug trafficking network,drug
2022-07-04T06:58:51.000Z,police investigators are looking deeper into the source of a box of marijuana coming from an illfated vehicle in kennon road tuba benguet,drug
2022-07-03T22:58:39.000Z,a 34yearold drug suspect was arrested in a buybust operation on saturday evening in bacolod city negros occidental,drug
2022-07-03T14:34:19.000Z,a 33yearold chinese national was arrested during the joint  antiillegal drug operation in barangay lourdes quezon city,drug
2022-07-02T11:24:29.000Z,two female drug suspects were arrested in a buybust operation in brgy zapote las pias city,drug
2022-07-01T10:19:18.000Z,the pmps aggressive campaign against criminality in luzon yielded over p44 million worth of shabu,drug
2022-07-01T09:42:38.000Z,another high value drug personality in lapulapu city was arrested in antiillegal drug operation on friday morning which yielded php34000000 worth of suspect shabu,drug
2022-06-30T13:29:46.000Z,two members of a private armed group yielded to police authorities on wednesday june 29 in brgy damag marawi city,terrorism
2022-06-29T14:32:45.000Z,a 43yearold suspect was arrested in a buybust operation in his residence,drug
2022-06-29T13:59:03.000Z,three drug suspects were arrested in a buybust operation in penaranda nueva ecija,drug
2022-06-29T11:32:23.000Z,pnp drug enforcement group celebrates with the pnp oic pltgen vicente d danao jr its 5th founding anniversary,drug
2022-06-29T06:21:12.000Z,pnp honors rookie cops bravery vs kidnappers,
2022-06-27T11:45:10.000Z,a member of the extremist abu sayyaf group  wanted for a series of criminal cases was finally arrested by police authorities,terrorism
2022-06-27T10:49:42.000Z,joint clearing operations of clandestine marijuana plantations by pdea and police operatives netted p62m worth of fully grown marijuana plants,drug
2022-06-26T00:26:54.000Z,two drug suspects both under the pnp watchlist were arrested in a police operation,drug
2022-06-25T23:53:04.000Z,a 40yearold suspect was arrested by authorities at brgy cantorna monreal masbate early this morning for illegal possession of firearm and ammunition,illegal possession
2022-06-25T13:29:43.000Z,joint operations by southern luzon police operatives and pdea arrested another drug personality in possession of php344080000 worth of shabu,drug
2022-06-24T10:14:48.000Z,a wanted member of the communist terrorist group died during an armed encounter with the police,terrorism
2022-06-24T08:28:56.000Z,a 47year old suspect was arrested for alleged grave threats and illegal possession of firearm,illegal possession
2022-06-24T07:24:25.000Z,a 22 yearold high value individual was arrested by the police and p340k worth of illegal drugs were confiscated,drug
2022-06-23T10:06:38.000Z,anticriminality law enforcement operations were  launched on thursday june 23 in barangay tulling siasi sulu that resulted to the arrest of nine wanted persons,wanted
2022-06-23T08:57:12.000Z,police operatives in benguet spearheaded another major marijuana eradication operation,drug
2022-06-22T09:32:49.000Z,a recent antiillegal drug operation in brgy 23c davao city gained ground anew in the anticriminality campaign,drug
2022-06-22T09:06:58.000Z,the relentless campaign against illegal drugs rampedup another major accomplishment with the arrest of a 27 yearold highvalue individual in cebu,drug
2022-06-22T08:34:14.000Z,a seaborne patrol operation off manilapa island zamboanga city resulted to the seizure of smuggled cigarettes from a motorized boat,smuggling
2022-06-22T08:07:06.000Z,operatives from davao city police station 16 arrested a certain daryl alvarez for violation of republic act 9165 and republic 10591,drug
2022-06-20T13:49:18.000Z,police antiillegal drugs operatives swooped down on four clandestine cannabis farms in two barangays in lanao del sur,drug
2022-06-20T13:28:20.000Z,a major player for illegal drugs was arrested in north poblacion maramag bukidnon,drug
2022-06-20T12:16:27.000Z,seven suspects were arrested in a drug buybust operation in upper bicutan taguig city,drug
2022-06-20T10:28:07.000Z,another high value drug personality trafficking illegal drugs was arrested by authorities in a buybust operation in talisay city cebu,drug
2022-06-19T22:58:32.000Z,more than p1 million worth of illegal drugs were seized in a buybust,drug
2022-06-18T11:58:05.000Z,look oic pnp pltgen danao confers medalya ng sugatang magiting to the wounded akg operative in recognition of his bravery and sacrifice during the rescue operations of the two kidnapped chinesefilipino male victims in calabarzon ,kidnapping
2022-06-18T10:48:10.000Z,a high value drug personality is facing criminal charges for violation of ra 9165,drug
2022-06-18T09:04:22.000Z,intensified police visibility through a random checkpoint paved the way for the discovery of more smuggled cigarettes loaded inside a van,smuggling
2022-06-18T01:10:19.000Z,another shipment of smuggled cigarettes in another operation in zamboanga city,smuggling
2022-06-17T08:25:22.000Z,police operatives from the koronadal police station who were responding to a reported vehicular accident later discovered a huge stash of contraband,smuggling
2022-06-16T13:01:53.000Z,two communist terrorist members voluntarily surrendered to authorities in northern samar,terrorism
2022-06-16T11:47:21.000Z,a series of marijuana eradications yielded some p27m worth of prohibited cannabis products in four separate plantation sites in tinglayan kalinga,drug
2022-06-16T10:53:12.000Z,an antiillegal drug operation led to the discovery of contraband in a cargo warehouse in andrews avenue pasay city,drug
2022-06-16T10:08:12.000Z,a drug suspect will face criminal charges for violation of ra 9165 after being caught in possession of php37400000 worth of shabu,drug
2022-06-16T09:34:22.000Z,pnp oic pltgen danao jr  lauded anew the southern luzon police operatives for arresting an individual charged with violation of ra 10591,illegal possession
2022-06-16T09:00:14.000Z,a 22yearold male drug personality was apprehended in cagangohan panabo city,drug
2022-06-15T13:13:10.000Z,two more suspected drug traffickers are facing criminal charges in cebu city for  serious drug offenses,drug
2022-06-15T11:58:55.000Z,police and military personnel launched a marijuana eradication operation at barangay tacub kiblawan davao del sur,drug
2022-06-15T11:38:48.000Z,western visayas antiillegal drug operation yielded over p23 million worth of shabu which led to the arrest of another highvalue drug suspect,drug
2022-06-14T12:03:42.000Z,cebus number one most wanted person was arrested by operatives in a police operation on monday afternoon at brgy candamiang santander cebu,wanted
2022-06-12T13:35:16.000Z,two separate drugbust operations in cebu resulted to the seizure of over p22 million worth of shabu and arrest of two high value individuals,drug
2022-06-11T13:40:10.000Z,police operatives confiscated a large stash of shabu during a search ordered by the court in a suspected drug den,drug
2022-06-11T07:55:56.000Z,another buybust operation resulted to the arrest of multiple drug suspects,drug
2022-06-11T04:00:48.000Z,an indian national robbery suspect who allegedly robbed a fellow indian trader at gunpoint was shot dead by a police officer who responded to the ongoing robbery,robbery
2022-06-10T09:38:41.000Z,through a hot pursuit operation police authorities arrested a 31yearold robbery with homicide,murder
2022-06-10T09:09:24.000Z,as the election period officially concluded on midnight of june 8th the pnp has accounted for a total of 3829 arrested persons,
2022-06-10T06:52:14.000Z,four suspected drug personalities will face criminal charges for violation of ra 9165,drug
2022-06-09T12:12:20.000Z,three suspected drug personalities will face criminal charges for violation of ra 9165 or the comprehensive dangerous drugs act of 2002,drug
2022-06-09T09:49:40.000Z,seized inside the vehicle were nine boxes of smuggled cigarettes worth p13500000,smuggling
2022-06-09T08:09:56.000Z,pnp oic ltgen vicente danao jr lauds the successful antiillegal drug operation in dasmarias cavite that yielded p476 million worth of shabu,drug
2022-06-08T10:50:45.000Z,around p612 million worth of shabu was seized during a buybust operation in brgy don galo paraaque city,drug
2022-06-08T02:05:19.000Z,a high value drug personality and camarines nortes top 10 most wanted person were successfully arrested by southern luzon police authorities,drug
2022-06-06T13:08:12.000Z,another antiillegal drug operation in cebu city on sunday evening yielded p510k illegal drugs and arrested drug suspect,drug
2022-06-06T11:57:17.000Z,a 30yearold highvalue individual was arrested in a buybust operation  ,drug
2022-06-06T11:25:47.000Z,pnp recognizes a police officers courage who died in antidrug operation in cebu,
2022-06-04T13:17:22.000Z,a controlled delivery operation at the central mail exchange center domestic road pasay city yielded a parcel containing shabu with an estimated value of p51 million,drug
2022-06-04T11:06:37.000Z,over p37 million worth of shabu were confiscated while two high value drug personalities arrested in separate luzonwide drug sting operations,drug
2022-06-04T09:22:19.000Z,six drug suspects were arrested in separate antiillegal drug operations conducted by bacolod city operatives which yielded over p24 million of shabu,drug
2022-06-03T12:32:33.000Z,a 47 yearold drug suspect was arrested in a buybust operation,drug
2022-06-03T07:09:01.000Z,seized from his possession was more or less 1 kilogram of shabu worth p68 million,drug
2022-06-01T05:03:37.000Z,a 48 yearold suspect wanted for kidnapping was arrested by police authorities,kidnapping
2022-06-01T03:13:01.000Z,four suspected chinese kidnappers allegedly involved in the abduction of a chinese national in the visayas region died in a shootout with police authorities,kidnapping
2022-05-30T07:20:28.000Z,the pnp in cebu city arrested a 34yearold drug suspect in a buybust operation,drug
2022-05-30T06:35:08.000Z,pnp oic pltgen danao jr confirmed that a vice commanding officer of the mainstream cppnpa in southern luzon was killed during an armed confrontation,terrorism
2022-05-29T09:09:25.000Z,two drug suspects were arrested and p884k worth of suspected shabu were seized by cebu police in a buybust operation,drug
2022-05-28T23:26:47.000Z,police authorities arrested two alleged abductors of a 15yearold grade 10 student in las pinas city,kidnapping
2022-05-28T03:10:48.000Z,another high value drug suspect is now facing charges for violation of ra 9165 after being arrested by police operatives in buybust operation,drug
2022-05-27T08:27:14.000Z,authorities seized more than p7 million worth of illegal drugs which was concealed in a water purifier during a controlled delivery operation,drug
2022-05-27T00:34:29.000Z,police operatives arrested another highvalue individual in central visayas and yielded over p69 million worth of shabu during a buybust operation,drug
2022-05-26T10:27:18.000Z,two high value individuals hvi were arrested by western visayas drug enforcement operatives in separate buybust operations,drug
2022-05-25T03:53:18.000Z,five drug suspects were arrested in a buybust operation in trece martires city cavite,drug
2022-05-25T02:31:34.000Z,police authorities conducted a buybust operation on may 21 that led to the arrest of a certain james ryan llaguno 37,drug
2022-05-19T23:11:32.000Z,luzon police units rampsup the governments intensified antiillegal drugs campaign with the arrest of two highvalue drug personalities and the destruction of a clandestine marijuana farm,drug
2022-05-18T09:51:33.000Z,police operatives in cebu city arrested a high value individual for illegal drugs in a buybust operation in barangay duljofatima last may 17 2022,drug
2022-05-18T05:48:00.000Z,two high value drug personalities will face criminal charges for violation of ra 9165 or the comprehensive dangerous drugs act of 2002,drug
2022-05-18T03:16:02.000Z,southern luzon police authorities gained another landmark accomplishment in the pnps offensive against illegal drugs after a drug sting operations in batangas,drug
2022-05-03T13:13:42.000Z,the pnp arrested on sunday may 1 three chinese nationals following a complaint of alleged illegal detention,wrongful restraining
2022-04-26T13:50:58.000Z,the pnp assured full cooperation to globe telecom in a massive search against those involved in the illegal cutting and stealing of copper cable,robbery
2022-04-26T06:25:24.000Z,cebu police ramps up the antiillegal drugs campaign in central visayas with the arrest of a drug suspect,drug
2022-04-26T05:12:50.000Z,the pnp in cebu city conducted a series of buybust operations that yielded some 151 kilograms of crystal meth shabu,drug
2022-04-26T04:20:00.000Z,two highvalue drug personalities will be facing separate criminal charges for violation of ra 9165,drug
2022-04-22T01:14:59.000Z,two separate drug buybust operations launched by police units in central and southern luzon yielded some p80000000 worth of crystal meth shabu,drug
2022-04-21T02:51:30.000Z,police authorities and pdea agents conducted a buybust operation in tondo manila that led to the seizure of p136 million worth of shabu,drug
2022-04-19T04:01:23.000Z,police personnel arrested a drug suspect and seized 14 bricks of dried marijuana leaves during an interdiction operation,drug
2022-04-16T13:39:59.000Z,cordillera police authorities discovered again php600000000 worth of dried marijuana stalks,drug
2022-04-16T13:00:25.000Z,an armed confrontation between southern luzon police authorities and a highvalue drug personality led to the neutralization of the suspect and the confiscation of p68m worth of shabu,drug
2022-04-15T01:16:05.000Z,police operatives arrested another highprofile drug personality and seized a large quantity of illegal drugs in a buybust operation,drug
2022-04-11T12:28:07.000Z,operatives of benguet 1st pmfc conducted clearing operations in benguet that led to the discovery uprooting and burning onsite of more or less 30 kilograms of dried marijuana stalks,drug
2022-04-08T08:15:46.000Z,three highvalue individuals engaged in the illegal drug trade were arrested in a buybust operation,drug
2022-04-07T12:23:38.000Z,the pnp scored anew in its intensified campaign against highvalue drug personalities which yielded p204m worth of suspected shabu and resulted in the arrest of two bigtime drug dealers,drug
2022-04-06T06:50:22.000Z,more than p17 million worth of crystal meth shabu were confiscated in three separate antiillegal drugs operations in the national capital region,drug
2022-04-06T06:01:37.000Z,368 felons were arrested while more than php 1m worth of illegal drugs and nearly 50k cash bets were seized in the latest weeklong anticrime operations of central luzon cops,drug
2022-04-06T03:45:47.000Z,pnp statementon 6 caloocan cops involved in alleged robbery case ,robbery
2022-04-06T02:04:56.000Z,six personnel of caloocan city police station were relieved from their posts for alleged involvement in a robbery incident,robbery
2022-04-03T11:59:07.000Z,police in mandaue city cebu arrested a 48yearold drug suspect in a buybust operation,drug
2022-04-03T11:44:25.000Z,police operatives launched another antiillegal drug operation against a group of drug traffickers,drug
2022-04-03T11:26:40.000Z,police antiillegal drugs operatives arrested a highvalue drug suspect in another buybust operation in imus city cavite,drug
2022-04-03T11:09:39.000Z,a joint pnppdea antiillegal drugs operation led to the arrest of two drug suspects in bohol and yielded p544k worth of shabu,drug
2022-04-03T10:46:56.000Z,police have taken custody of a korean male fugitive wanted for fraud and has a standing arrest warrant issued by the court of korea,smuggling
2022-04-03T10:32:37.000Z,pnp chief pgen carlos announced the arrest of a priority highvalue individual for illegal drugs in boac marinduque,drug
2022-04-01T11:53:20.000Z,a wanted gang leader and one of his members were arrested during intensified policeoperations in lanao del norte,wanted
2022-03-31T08:24:47.000Z,another highvalue drug suspect is now facing charges for violation of  republic act 9165,drug
2022-03-31T07:47:14.000Z,four highvalue drug personalities will face charges for violation of ra 9165 or the comprehensive dangerous drugs act of 2002,drug
2022-03-31T02:57:49.000Z,one of the most wanted persons in eastern visayas was arrested during a police operation in jaro leyteread,wanted
2022-03-30T12:38:18.000Z,the pnp scored anew with the arrest of four drug suspects during a buybust operation in gma caviteread ,drug
2022-03-30T04:20:58.000Z,pnp chief pgen carlos said pnps legal offensive action against the cppnpa will continue with renewed vigor particularly against key personalities who are wanted by the law,terrorism
2022-03-28T12:34:43.000Z,police authorities apprehended a newly identified drug personality in pili camarines sur,drug
2022-03-27T13:20:42.000Z,the drug suspects will face charges in violation of republic act 9165 or the comprehensive dangerous drugs act,drug
2022-03-27T12:23:53.000Z,another drug suspect has fallen to the hands of the law during a drug buybust operation in davao city,drug
2022-03-26T12:52:18.000Z,police operatives arrested a highvalue individual for illegal drugs in talisay city cebu,drug
2022-03-26T06:07:03.000Z,over p389 million worth of illegal drugs were seized and three drug suspects were arrested by police in two separate antiillegal drug operations,drug
2022-03-26T05:42:16.000Z,cordillera police discovered anew six clandestine marijuana plantations in kibungan benguet that yielded over p42 million worth of marijuana products,drug
2022-03-25T10:53:45.000Z,police operatives collared nine more drug personalities while one eluded arrest in simultaneous drug bust operations,drug
2022-03-24T14:01:48.000Z,four persons will be facing charges for violation of ra 9165 after being intercepted by southern luzon cops in a drug sting operation in cavite,drug
2022-03-23T14:34:54.000Z,the regional police drug enforcement unit in central visayas conducted a buybust operation that resulted to the arrest of a highvalue individual in the region,drug
2022-03-22T14:24:03.000Z,another antiillegal drug operation yielded p69 million worth of shabu in imus city cavite,drug
2022-03-22T13:03:15.000Z,central visayas operatives arrested three most wanted persons in separate police operations on monday in cebu,wanted
2022-03-22T12:32:48.000Z,pampanga police arrested a 35year old highvalue drug personality in a drug sting operation,drug
2022-03-20T12:09:51.000Z,a joint manhunt operation resulted in the arrest of two carnapping suspects in barangay camputhaw cebu city,carnapping
2022-03-20T11:03:59.000Z,police operatives uprooted and eradicated p52 million worth of marijuana plants in a threeday operation over the weekend,drug
2022-03-19T12:12:56.000Z,thompson was immediately arrested and detained he underwent inquest proceeding at the tagaytay city prosecutors office,
2022-03-19T06:39:19.000Z,four drug suspects with outstanding warrants of arrest were captured by police operatives in separate manhunt operations on friday morning,drug
2022-03-18T06:49:06.000Z,three most wanted persons mwps were arrested by police in separate intensified manhunt operations on thursday in lapu lapu city,wanted
2022-03-17T15:47:35.000Z,joint police operation yielded fully grown marijuana with an estimated drug price of p20 million in tinglayan kalinga province,drug
2022-03-17T11:22:13.000Z,pnp chief pgen carlos lauded central visayas drug operatives after another highvalue drug personality was arrested,drug
2022-03-16T11:56:32.000Z,another drug suspect was arrested in an antiillegal drugs operation in iloilo city,drug
2022-03-16T11:18:05.000Z,two drug suspects including a barangay chairman in matalom leyte were caught selling shabu during pnppdea antiillegal drugs operation,drug
2022-03-16T07:01:03.000Z,a oneday intensified manhunt operations by police authorities in the visayas led to the arrest of four most wanted persons on Tuesday,wanted
2022-03-16T06:27:22.000Z,roxas city police arrested highvalue drug personality and seized illegal drugs amounting to p4million during an antiillegal drug operation,drug
2022-03-15T12:38:32.000Z,some 22 more law breakers that include bulacans most wanted person city level were arrested by central luzon police,wanted
2022-03-15T11:41:41.000Z,bacolod antiillegal drug operatives arrested a 24year old drug suspect selling suspected shabu worth p374k,drug
2022-03-15T11:16:22.000Z,the top 1 city most wanted person was arrested by police during a manhunt operation in mandaue city,wanted
2022-03-15T08:55:49.000Z,a buybust operation in brgy sta lucia pasig city led to the seizure of 15 kilos of highgrade marijuana with an estimated value of p225 million,drug
2022-03-14T09:00:26.000Z,pnp launches endgame strategy vs illegal drugs,drug
2022-03-13T10:33:59.000Z,bacolod city operatives nabbed 30 yearold drug suspect and seized over p3 million worth of suspected shabu in police antiillegal drug operations during the weekend,drug
2022-03-13T09:54:04.000Z,the four arrested suspects and confiscated pieces of evidence were brought to respective police stations for documentation and proper disposition,
2022-03-12T13:17:53.000Z,cordillera authorities discovered anew p15 million worth of marijuana plants in kalinga as part of the pnps summer offensive against the cultivation of the prohibited plants,drug
2022-03-12T13:04:24.000Z,a total of 11 sachets of suspected shabu were seized and the drug suspect was arrested in a buybust operation,drug
2022-03-12T10:57:31.000Z,13 wanted persons 5 drug suspects and 2 others were successfully arrested by bulacan pnp tracker teams as an offshoot of their intensified anticriminality operations,drug
2022-03-12T10:26:09.000Z,pro mimaropa and pdea antiillegal drugs operatives arrested three highvalue drug personalities in two separate drug sting operations,drug
2022-03-12T09:37:34.000Z,police operatives conducted a buybust operation in barangay ermitao san juan city that resulted in the arrest of five drug suspects,drug
2022-03-11T11:26:00.000Z,a successful implementation of warrant of arrest resulted in the arrest of 41 yearold murder suspect in san remegio antique,murder
2022-03-11T10:32:49.000Z,police authorities in bohol nabbed a man with standing warrants of arrest for allegedly harassing and posting nude photos of his livein partner via online,rape
2022-03-10T10:37:20.000Z,a crime murder suspect was arrested by police during manhunt operations in brgy agape loay bohol,murder
2022-03-10T09:11:59.000Z,the pnp special drug enforcement unit in muntinlupa successfully conducted a buybust operation that resulted in the arrest of four drug suspects,drug
2022-03-10T08:22:08.000Z,another most wanted member of the local terrorist group and a cohort were killed while two members of the operating unit were injured during a manhunt operation in negros occidental,terrorism
2022-03-10T07:23:36.000Z,central visayas police nabbed two identified highvalue targets and seized over 1720 grams of shabu worth over p11 million in separate antidrug operations in cebu and dumaguete,drug
2022-03-09T08:50:29.000Z,pnp chief pgen carlos lauded another successful antiillegal drugs operation conducted by rdpeu7 operatives that led to the confiscation of p13million worth of shabu and the arrest of a drug suspect,drug
2022-03-09T04:20:27.000Z,p1billion shabu 1 chinese drug kingpin nabbed in pnppdea drug sting ops,drug
2022-03-08T12:20:36.000Z,procor scored another breakthrough this time in the pnps relentless efforts to track down persons wanted by the law as 43 most wanted personalities were arrested,wanted
2022-03-08T11:16:15.000Z,central visayas operatives arrested drug suspects and seized p476k worth of shabu during a drug buybust operation,drug
2022-03-07T12:30:22.000Z,the pnp in coordination with the afp seized components for ieds and other documents believed to belong to communist terrorists,terrorism
2022-03-07T09:14:53.000Z,another high value drug suspect was busted in a police operation in cebu,drug
2022-03-06T11:46:40.000Z,the pnp prepares the charges of carnapping and violation of republic act 10591 or the comprehensive firearms and ammunition act in relation to the omnibus election code,carnapping
2022-03-06T10:47:21.000Z,the governments joint bigtime marijuana eradication operation in luzon dubbed as oplan herodotus 2 culminated with the discovery and destruction of more than halfbillion worth of marijuana plants and cannabis products,drug
2022-03-05T10:57:24.000Z,bicol region antiillegal drugs operatives arrested two drug suspects and seized php64million worth of shabu in a sting operation in naga city,drug
2022-03-05T09:27:15.000Z,pampanga police arrested two drug suspects and seized over p14 million worth of shabu in a drug sting operation in sto tomas pampanga,drug
2022-03-05T06:45:41.000Z,pnppdea operatives seized a total of php34million worth of suspected shabu in a buybust operation along national highway barangay old poblacion escalante city negros occidental,drug
2022-03-05T00:22:24.000Z,the four police officers involved in the robberyslay case of the baranguian couple in san fernando town cebu are now relieved from the post the police regional office central visayas confirms,murder
2022-03-04T23:47:09.000Z,another buybust operation led to the arrest of six drug suspects in barangay ususan taguig city on march 3 2022,drug
2022-03-04T09:41:01.000Z,the pnp is relentless to gain ground in the massive eradication of clandestine marijuana plantations in luzon,drug
2022-03-04T04:06:34.000Z,cordillera authorities discovered anew over php4million worth of marijuana plants in kalinga,drug
2022-03-03T06:53:33.000Z,leyte police captured two most wanted rape suspects in separate police operations on ash Wednesday,rape
2022-03-03T06:10:05.000Z,cebu city police arrested a drug suspect who yielded 120 grams of crystal meth shabu during an antidrug operation in cebu city,drug
2022-03-03T01:34:58.000Z,three more most wanted persons were arrested by eastern visayas police in separate manhunt operations on tuesday in leyte and samar,wanted
2022-03-03T01:04:39.000Z,as the pnp continuously intensify clearing operations of clandestine cannabis farms in luzon particularly in the car over p72million worth of marijuana was seized and destroyed,drug
2022-03-02T15:38:43.000Z,the pnpdeg scored another major accomplishment with the confiscation of p68 million worth of illegal drugs and arrest of four drug suspects,drug
2022-03-02T13:23:11.000Z,cebu police arrested drug suspect and seized p14m worth of illegal drugs in another antiillegal drugs operation in cebu city,drug
2022-03-02T12:46:00.000Z,operatives from police regional office cordillera destroyed p159 million worth of marijuana in three plantation sites in kalinga over the weekend,drug
2022-03-01T22:34:35.000Z,through intensified police operations of  pnp caraga against wanted persons another ctg member fell in the hands of the law,terrorism
2022-02-26T06:42:48.000Z,the pnps strengthened campaign against illegal drugs in cooperation with pdea remains relentless as we steadfastly commit in the governments aspiration of a drugcrimefree country pgen carlos said,drug
2022-02-25T13:13:17.000Z,two most wanted persons were arrested by police in separate intelligencedriven operations on thursday in quezon city and caloocan,wanted
2022-02-25T12:45:41.000Z,a 34 yearold farmer from barangay iraan rizal palawan tagged as palawans top 4 most wanted fugitive was arrested,smuggling
2022-02-25T11:50:38.000Z,five more drug suspects were arrested by central visayas operatives in separate antiillegal drugs operations in bohol and cebu on february 23 and 24 2022,drug
2022-02-25T06:06:22.000Z,pnp mg personnel arrested a 40year old smuggler engaged in illegal transport of gasoline on thursday in tawitawi,smuggling
2022-02-24T14:06:56.000Z,the number 2 most wanted person of leyte was arrested by police during a manhunt operation in barangay loyonsawang abuyog leyte,wanted
2022-02-24T07:46:45.000Z,pnp chief pgen carlos has ordered the police regional office in central visayas to probe further the case regarding police personnel linked in the robberyslay case,murder
2022-02-24T02:14:32.000Z,through the intensified intelligencedriven operation of the police operatives in caraga region a most wanted person was arrested  in p5 brgy canayugan bayugan city agusan del sur,wanted
2022-02-24T01:37:23.000Z,two rape suspects who evaded the law for 14 years were finally arrested during intensified manhunt police operations in mondragon northern samar,rape
2022-02-23T10:35:27.000Z,two drug suspects were arrested in antidrug operations in bacolod city on tuesday evening,drug
2022-02-23T07:05:07.000Z,50 more ctg personalities in central luzon cut ties with npa,terrorism
2022-02-22T23:46:19.000Z,one of the team leaders of the ctg in the region surrendered to ev police authorities under the headship of pbgen bernard m banac,terrorism
2022-02-22T16:56:55.000Z,the ncrpo scored anew in the campaign against illegal drugs with the arrest of a drug suspect and confiscation of p35 million worth of shabu,drug
2022-02-22T15:55:45.000Z,iloilo police arrested a 57year old male for illegal possession of firearms and for violating the nationwide comelec gun ban,illegal possession
2022-02-22T12:49:36.000Z,pnp chief pgen carlos announced the arrest of one of central luzons most wanted person mwp including three 3 wanted criminals,wanted
2022-02-21T15:23:25.000Z,another communist terrorist group member was arrested in a police operation in western samar on sunday evening,terrorism
2022-02-21T09:49:51.000Z,as the campaign against illegal drugs continues the pnp in pampanga marks another milestone with the success of various antiillegal drug operations that yielded more than p3m worth of shabu,drug
2022-02-19T11:06:26.000Z,the comprehensive fast reliable and convenient activation of the  npcs nationwide has led to the arrest of another wanted person on friday afternoon in kalibo aklan,wanted
2022-02-19T08:52:11.000Z,pnp chief pgen carlos confirmed on thursday the arrest of a 34yearold fugitive by police authorities in guagua pampanga tagged as one of dilgs national most wanted persons,smuggling
2022-02-19T08:04:05.000Z,a ranking member of the central committee of the cppnpa was captured in san juan city on friday morning,terrorism
2022-02-19T07:43:51.000Z,cebu city operatives arrested a drug personality listed as high value individual hvi and seized shabu worth over p421k in an antiillegal drug operation,drug
2022-02-16T12:38:56.000Z,two drug suspects fall p28m shabu seized in cebu antidrug operation,drug
2022-02-16T11:47:45.000Z,nine persons accused in the murder of calbayog city mayor ronaldo aquino and the frustrated murder case for his security aide on march 8 2021 are now under police custody,murder
2022-02-15T13:26:39.000Z,the police intelligence community has uncovered attempts by a known foreign terrorist organization,terrorism
2022-02-15T03:28:40.000Z,a 27year old drug suspect was killed and p68 million worth of shabu were seized in an antidrug operation on saturday evening in mandaue city cebu,drug
2022-02-15T02:40:13.000Z,the ctg couple is now in the process of availing the enhanced comprehensive local integration program eclip in the region,terrorism
2022-02-14T06:44:20.000Z,a 36yearold male was arrested by personnel of pnp acg for online trafficking of the critically endangered chinese giant salamander in valenzuela city on feb 10 2022,smuggling
2022-02-14T01:02:45.000Z,pnp chief pgen dionardo carlos lauded the central visayas cops after having successfully seized over p112 million worth of shabu in six separate antidrug operations on friday feb 12 2022,drug
2022-02-12T09:05:25.000Z,the pasay city police office successfully foiled the robbery attempts of two suspects who disguised themselves as police officers on feb 10 2022,robbery
2022-02-12T08:43:49.000Z,western visayas police operatives seized over p26 million worth of shabu and arrested two drug suspects in a buy bust operation,drug
2022-02-12T08:21:29.000Z,pnp chief pgen carlos lauds the unwavering effort of the spd in its intensified antiillegal drug campaign that resulted in the arrest of four drug personalities last feb 11 2022,drug
2022-02-11T12:11:35.000Z,pnp intelligence group celebrates its 43 years of continued progress against terrorism insurgency and criminality,terrorism
2022-02-11T10:23:51.000Z,authorities arrested two suspected drug peddlers and seized p96 million worth of marijuana on thursday february 10 2022,drug
2022-02-10T07:33:06.000Z,pnp chief pgen carlos commends the spd paraaque city ps for the successful arrest of a malaysian national and his filipino cohort for falsification of public documents and usurpation of authority on february 7 2022,fraud
2022-02-10T03:20:09.000Z,the pnp considers the withdrawal of some 600 members of kadamay from the cppnpa as a major leap towards achieving a peaceful community,terrorism
2022-02-07T08:21:23.000Z,a 36year old drug suspect was arrested by pnp drug enforcement operatives in an antidrugs operation in cebu city on sunday night,drug
2022-02-07T08:11:22.000Z,the cidg ferrol mps and romblon provincial mobile force company joined forces to launch an operation in a cockfighting arena that led to the arrest of some 200 individuals including ferrol town mayor,
2022-02-07T06:34:34.000Z,pnp chief pgen dionardo carlos lauds the successful entrapment operation of the bppo that led to the arrest of a suspect who have been allegedly involved in selling fake vaccination cards last feb 4 2022,fraud
2022-02-06T11:27:01.000Z,the ncrpo scored anew through a successful antidrug operation seizing p13 million worth of shabu in sta cruz manila,drug
2022-02-05T00:18:28.000Z,a drug suspect in talisay cebu was arrested by pnp operatives in an antiillegal drugs operation on the evening of wednesday that yielded over p35 million worth of shabu,drug
2022-02-04T00:29:34.000Z,pnp chief pgen carlos commended the pro 6 personnel for their unrelenting commitment and dedication to pnps campaign against a wanted person which led to the arrest of 375 personalities in the first month of the year,wanted
2022-02-03T02:48:48.000Z,the pnp and the pdea together conducted an antiillegal drug operation that resulted in the confiscation of p34 million worth of shabu last jan 30 in mabalacat city pampanga,drug
2022-01-26T07:07:01.000Z,among these incidents cases of physical injuries posted the biggest reduction of 42 percent from 1934 to 934 robbery with 22 percent drop and theft with 16 percent decrease,robbery
2022-01-25T11:23:05.000Z,the pnpdeg on sunday jan 23 seized more than p90 million worth of illegal drugs that resulted in the arrest of 36 top drug suspects during a weeklong sacleo from jan 17  23,drug
2022-01-25T09:04:42.000Z,the pnp commemorates on tuesday the gallant sacrifice of fallen 44 pnpsaf commandos who died seven years ago during antiterrorism operation,
2022-01-21T12:37:10.000Z,this has prompted pnp personnel from the asingan municipal police station in pangasinan to raise funds for the temporary liberty of an 80yearold man alleged of stealing 10 kilos of mangoes,robbery
2022-01-18T10:19:39.000Z,pnp chief pgen dionardo b carlos ordered caraga police authorities to place four agusan del sur policemen under restrictive custody to face further investigation for alleged robbery,robbery
2022-01-16T14:25:24.000Z,qcpd director pbgen antonio c yarra announced the arrest of a policeman accused of raping a minor in quezon city,rape
2022-01-14T10:51:36.000Z,the pnp clarified that the police action that led to the arrest of 6 civilians during a demolition operation last january 13 in maragondon cavite city was within the bounds of law and in accordance with basic human rights,
2022-01-13T00:39:30.000Z,pnp chief pgen dionardo b carlos lauds the successful series of antiillegal drug operations spearheaded by the ncrpo in taguig city yielding p11 million worth of illegal drugs,drug
2022-01-09T06:05:22.000Z,a thorough forensic examination and investigation is underway to dig deeper into the new years eve murder of a cavite prosecutor,murder
2022-01-07T05:45:01.000Z,on orders of pres rodrigo r duterte pnp operating units were mobilized to identify and arrest unscrupulous traders engaged in hoarding and black market retailing of covid19 prescription drugs and other medicines,drug
2021-12-27T10:46:37.000Z,the pnp vowed no whitewash in the alleged rape of a teenager by a rookie policeman who is now under custody,rape
2021-12-25T11:41:29.000Z,two la union police personnel were placed under restrictive custody for alleged manhandling of an arrested suspect involved in the mauling of a senior citizen,physical injury
2021-12-22T14:34:03.000Z,a political instructor of the communist new peoples army who is wanted by the law for murder arson and exploitation of children in armed conflict,murder
2021-12-19T03:00:40.000Z,cordillera cops destroy p4m marijuana bust suspect in shabu sale,drug
2021-12-18T12:14:41.000Z,carlos   68m shabu seized 3 arrested 1 minor rescued in laguna read more  ,drug
2021-12-17T01:56:33.000Z,the pnp denounced the latest atrocities mounted by communist terrorists on humanitarian and disaster response missions in visayas and mindanao that killed three persons and wounded several others  read more  ,terrorism
2021-12-14T13:16:49.000Z,in light of the recent cyber attack incident that victimized some bank depositors pnp anticybercrime operatives issued public reminders to avoid falling prey to online fraud and theft read more  ,robbery
2021-12-13T15:58:09.000Z,pnp chief police general dionardo b carlos announced today that a person of interest has been identified in the ongoing investigation into the murder of journalist jesus malabanan,murder
2021-12-12T08:11:25.000Z,the pnp considers the antiterrorism act as an effective tool in curbing insurgency terrorism and other forms of lawlessness in the country read more  ,terrorism
2021-12-06T11:44:37.000Z,more operations are expected against illegal drugs as coordination among law enforcers was revitalized with aggressiveness and determination to end illegal drug trade in the bangsamoro region,drug
2021-12-04T06:13:55.000Z,the pnp roundedup ten suspected drug traffickers and confiscated over two million pesos worth of illegal drugs in a buybust operation in cainta rizal on saturday morning december 4,drug
2021-12-03T13:06:31.000Z,acting on an interpol red notice the cidgatcu arrested two korean fugitives by virtue of a warrant of deportation on wednesday december 1 2021,smuggling
2021-12-01T08:37:38.000Z,the philippine national police pnp is conducting an initial nationwide monitoring of six active private armed groups pags and other terrorist groups that may pose a threat to the 2022 elections,terrorism
2021-11-26T07:41:36.000Z,the philippine national police looks forward to the early conclusion of the ongoing department of justice investigation into homicides resulting from police antiillegal drugs operations,drug
2021-11-26T07:36:56.000Z,the philippine national police drug enforcement group pdeg clarified that information gathering and validation are still ongoing for the alleged cocaineusing presidential candidate,drug
2021-11-24T06:00:59.000Z,the philippine national police pnp welcomes the initiative of election candidates to submit themselves to the drug tests,drug
2021-11-23T09:19:16.000Z,the philippine national police joins the nation in mournful commemoration of the death of 58 filipinos in the infamous maguindanao massacre of 2009,murder
2021-11-22T06:50:31.000Z,the philippine national police pnp today clarified that no order can direct the police to conduct mandatory drug test on candidates vying for public office,drug
2021-11-20T09:14:16.000Z,hot pursuit operations are underway by police commandos and military forces in northern samar against a group of communistterrorists of the cppnpandf that figured in an encounter with police students on Saturday,terrorism
2021-11-20T07:02:20.000Z,the philippine national police pnp encourages all local and national candidates to submit themselves to a drug testing,drug
2021-11-17T11:08:12.000Z,the pnpdeg has expanded its investigation into this latest incident of drug trafficking through air parcel service among other matters being looked into are the background of the arrested persons and the source of the illegal parcel,drug
2021-11-12T09:32:11.000Z,carlos sets policy direction vs crime illegal drugs and corruption,drug
2021-11-10T04:51:13.000Z,eleazar vows justice for teen rapeslay victim,
2021-11-07T07:11:22.000Z,eleazar orders admin raps vs cop accused of kidnapping in manila,kidnapping
2021-11-06T05:06:50.000Z,eleazar directs manhunt vs suspect in camarines sur massacre,murder
2021-11-05T04:48:56.000Z,eleazar taps akg to probe abduction of 6 persons in batangas,kidnapping
2021-11-01 15:00:01 Malay Peninsula Standard Time,eleazar lauds arrest of couple in kapa investment scam,fraud
2021-11-01 10:44:57 Malay Peninsula Standard Time,eleazar hails tawitawi drug ops yielding php53m cocaine  read more             ,drug
2021-10-30 16:09:45 Malay Peninsula Standard Time,pnp welcomes declaration of presidential and vp bets of willingness to undergo drug test    read more               ,drug
2021-10-30 14:37:40 Malay Peninsula Standard Time,national task force for the disbandment of private armed groups ntfdpag meeting general santos city  october 29 2021    ,terrorism
2021-10-30 13:03:55 Malay Peninsula Standard Time,pnp chief wants pdeg cop sacked over kfr and illegal drugs   read more              ,drug
2021-10-29 13:28:50 Malay Peninsula Standard Time,congratulations prrd  pnp for effective operations against illegal drugs        ,drug
2021-10-28 13:33:31 Malay Peninsula Standard Time,cops give romblon students school supplies hold film showing on menace of illegal drugs  read more            ,drug
2021-10-27 13:53:42 Malay Peninsula Standard Time,qc cop nabbed over alleged robberyextortion   read more        ,robbery
2021-10-26 13:41:49 Malay Peninsula Standard Time,eleazar tasks police units to be on alert intensify operations vs cppnpandf after iloilo attack   read more        ,terrorism
2021-10-26 13:37:45 Malay Peninsula Standard Time,eleazar lauds arrest of 2 men for gunrunning illegal drugs  read more        ,drug
2021-10-26 12:24:34 Malay Peninsula Standard Time,eleazar commends cops for arrest of delivery rider with php34m shabu asks firms to take extra care in hiring couriers  read more        ,drug
2021-10-25 20:08:29 Malay Peninsula Standard Time,pnp chief lauds bicol cops for neutralization of 5 ctg members in masbate   read more          ,terrorism
2021-10-25 11:07:47 Malay Peninsula Standard Time,eleazar hails eradication of p206m marijuana in cebu  read more                ,drug
2021-10-24 14:55:11 Malay Peninsula Standard Time,pnp chief lauds cops for arrest of alleged investment scammer   read more                ,fraud
2021-10-22 15:08:48 Malay Peninsula Standard Time,pnp chief hails arrest of maguindanao mayoral bet vows to run after political aspirants with links to crime groups  read more            ,
2021-10-20 17:15:43 Malay Peninsula Standard Time,pnp welcomes doj decision to release summaries of 52 cases relating to polices campaign vs illegal drugs    read more        ,drug
2021-10-19 12:33:02 Malay Peninsula Standard Time,pnp welcomes indictment of julian ongpin over drug complaint  read more                ,drug
2021-10-18 18:46:18 Malay Peninsula Standard Time,eleazar lauds angeles city buybust that led to confiscation of p262m worth of shabu 4 bigtme foreign drug traffickers died  read more             ,drug
2021-10-18 14:29:31 Malay Peninsula Standard Time,pnp reviewing draft moa for joint probe with nbi on antiillegal drugs operations deaths    read more               ,drug
2021-10-16 18:50:28 Malay Peninsula Standard Time,police seize p122million shabu in pasay tawitawi   read more        ,drug
2021-10-12 11:27:47 Malay Peninsula Standard Time,eleazar orders probe into rape allegation vs pampanga policeman   read more                ,rape
2021-10-11 13:36:26 Malay Peninsula Standard Time,pnp chief lauds confiscation of p34m shabu in paraaque  read more                 ,drug
2021-10-09 16:34:00 Malay Peninsula Standard Time,pnp welcomes conclusion of doj probe into drug complaint vs ongpin  read more               ,drug
2021-10-08 15:33:47 Malay Peninsula Standard Time,eleazar warns candidates vs colluding with criminal groups cppnpandf to secure victory  read more              ,terrorism
2021-10-08 12:14:47 Malay Peninsula Standard Time,pnp p6m marijuana seized in benguet checkpoint 3 suspects nabbed  read more                ,drug
2021-10-07 16:23:07 Malay Peninsula Standard Time,afp documents on cppnpandf human rights violations to be used by cidg in filing cases   read more   ,terrorism
2021-10-07 15:12:06 Malay Peninsula Standard Time,pnp welcomes moa with nbi on joint investigation of antiillegal drugs operations    read more              ,drug
2021-10-06 12:19:35 Malay Peninsula Standard Time,pnp chief hails p57m shabu haul in mla antiillegal drug ops   read more                ,drug
2021-10-04 13:09:42 Malay Peninsula Standard Time,pnp over p32m fake cigarettes seized in bulacan 4 suspects arrested  read more                ,fraud
2021-10-04 11:36:40 Malay Peninsula Standard Time,statement of police general guillermo lorenzo t eleazar on the pnpnbi investigation on illegal drugsrelated operations  read more            ,
2021-10-02 11:56:34 Malay Peninsula Standard Time,eleazar warns candidates vs colluding with illegal drugs syndicates   read more               ,drug
2021-10-01 13:11:37 Malay Peninsula Standard Time,eleazar tasks pnp intelligence group other units to conduct background check vs persons involved in robbery kidnapping  read more            ,kidnapping
2021-09-30 15:43:24 Malay Peninsula Standard Time,eleazar vows justice for police sergeant who died in cavite antiillegal drugs operation   read more              ,drug
2021-09-30 13:01:20 Malay Peninsula Standard Time,pnp assures continuous assistance amid kidnapping cases involving chinese workers in ph   read more               ,kidnapping
2021-09-28 16:50:10 Malay Peninsula Standard Time,pnp supports measure raising age of statutory rape to 16yearsold   read more               ,rape
2021-09-25 14:27:10 Malay Peninsula Standard Time,pnp welcomes doj decision to take over the preliminary investigation on julian ongpins drug case from la union provincial prosecutor says pnpnbi probe on bree jonsons death continues   read more        ,drug
2021-09-25 09:31:19 Malay Peninsula Standard Time,p304m marijuana destroyed in mt province  read more                 ,drug
2021-09-23 15:27:08 Malay Peninsula Standard Time,pnp taking an active role in review of drug war eleazar assures   read more              ,drug
2021-09-23 14:10:01 Malay Peninsula Standard Time,eleazar hails sulu drug ops yielding p136m shabu  read more                  ,drug
2021-09-22 21:59:46 Malay Peninsula Standard Time,us donates antiterrorism equipment vehicles to pnp  read more                 ,
2021-09-22 13:00:24 Malay Peninsula Standard Time,eleazar wants thorough probe into drug suspects alleged transactions with pdls in cebu  read more               ,drug
2021-09-20 12:16:49 Malay Peninsula Standard Time,isabela cop faces dismissal for extorting money from arrested drug suspect   read more               ,drug
2021-09-18 13:10:00 Malay Peninsula Standard Time,pnppdea destroy p1929m marijuana in kalinga  read more                 ,drug
2021-09-16 17:34:16 Malay Peninsula Standard Time,statement of pnp chief police general guillermo lorenzo t eleazar on the measures taken to ensure transparency and accountability on the aggressive campaign against illegal drugs  read more         ,drug
2021-09-14 22:12:13 Malay Peninsula Standard Time,4 communist terrorists fall in armed encounter with cops 2 wounded rebels rescued  read more              ,terrorism
2021-09-14 12:52:25 Malay Peninsula Standard Time,eleazar orders maritime group to strengthen coordination interoperability with ph coast guard vs illegal drugs   read more            ,drug
2021-09-13 13:22:29 Malay Peninsula Standard Time,chiefs of police tasked to update list of priority targets as prrd issues order to further intensify the campaign vs illegal drugs   read more           ,drug
2021-09-10 12:11:07 Malay Peninsula Standard Time,229 kilos of shabu worth p1580 billion seized in cavite operations 4 drug traffickers neutralized   read more            ,drug
2021-09-08 12:42:08 Malay Peninsula Standard Time,pnp vows to run after cohorts of chinese nationals killed arrested in zambales bataan drug operations  read more            ,drug
2021-09-07 20:53:38 Malay Peninsula Standard Time,80 more kilos of shabu confiscated 3 foreign drug traffickers nabbed during a hot pursuit operation in bataan  read more            ,drug
2021-09-07 17:05:30 Malay Peninsula Standard Time,p34b worth of shabu seized 4 bigtime drug traffickers killed in zambales antidrug operation   read more              ,drug
2021-09-07 11:45:49 Malay Peninsula Standard Time,2 arrested for manufacture selling of swab test results vax card in manila  read more               ,fraud
2021-09-06 15:46:01 Malay Peninsula Standard Time,ias findings on death of minor in laguna antidrug operation put to rest ejk allegation  read more             ,
2021-09-06 11:49:04 Malay Peninsula Standard Time,eleazar hails pnpafp operation that intercepted ammunition food supply for cppnpandf in caraga  read more             ,terrorism
2021-09-02 15:22:16 Malay Peninsula Standard Time,eleazar hails arrest of gun syndicate leader cohorts in qc  read more                ,terrorism
2021-09-01 14:35:45 Malay Peninsula Standard Time,eleazar policemen charged with murder by doj over bulacan fabricated drug operation already dismissed from service along with 8 other policemen  read more          ,murder
